"Record type","Navigation group","Label","Destination or identifier","URL","Control behavior","New behavior","Off behavior","Verification","Notes","Source"
"Navbar destination","Header","Home logo","/","https://innflow.ai/","Original homepage","Baselane homepage","Baselane homepage","HTTP 200 verified 2026-09-12","","https://github.com/innflow-ai/frontend/blob/8fb2143bb480be62877777afce09318a390a3e03/src/components/mega-menu.tsx"
"Navbar destination","Product","Platform","/platform","https://innflow.ai/platform","Shared content; original header/footer","Shared content; Baselane header/footer","Shared content; Baselane header/footer","HTTP 200 verified 2026-09-12","","https://github.com/innflow-ai/frontend/blob/8fb2143bb480be62877777afce09318a390a3e03/src/components/mega-menu.tsx"
"Navbar destination","Product; Solutions","Copilot; Agent OS; Listings; Advertising; Application & eSign","/products/agent-os","https://innflow.ai/products/agent-os","Shared content; original header/footer","Shared content; Baselane header/footer","Shared content; Baselane header/footer","HTTP 200 verified 2026-09-12","","https://github.com/innflow-ai/frontend/blob/8fb2143bb480be62877777afce09318a390a3e03/src/components/mega-menu.tsx"
"Navbar destination","Product","Agentic Workflows","/products/agentic-workflows","https://innflow.ai/products/agentic-workflows","Shared content; original header/footer","Shared content; Baselane header/footer","Shared content; Baselane header/footer","HTTP 200 verified 2026-09-12","","https://github.com/innflow-ai/frontend/blob/8fb2143bb480be62877777afce09318a390a3e03/src/components/mega-menu.tsx"
"Navbar destination","Product","Agent Studio","/products/agent-studio","https://innflow.ai/products/agent-studio","Shared content; original header/footer","Shared content; Baselane header/footer","Shared content; Baselane header/footer","HTTP 200 verified 2026-09-12","","https://github.com/innflow-ai/frontend/blob/8fb2143bb480be62877777afce09318a390a3e03/src/components/mega-menu.tsx"
"Navbar destination","Product","AI Agents","/products/ai-agents","https://innflow.ai/products/ai-agents","Shared content; original header/footer","Shared content; Baselane header/footer","Shared content; Baselane header/footer","HTTP 200 verified 2026-09-12","","https://github.com/innflow-ai/frontend/blob/8fb2143bb480be62877777afce09318a390a3e03/src/components/mega-menu.tsx"
"Navbar destination","Product","Agent Skills; Templates","/skills","https://innflow.ai/skills","Shared content; original header/footer","Shared content; Baselane header/footer","Shared content; Baselane header/footer","HTTP 200 verified 2026-09-12","","https://github.com/innflow-ai/frontend/blob/8fb2143bb480be62877777afce09318a390a3e03/src/components/mega-menu.tsx"
"Navbar destination","Product","AI Website Builder","/features/website","https://innflow.ai/features/website","Shared content; original header/footer","Shared content; Baselane header/footer","Shared content; Baselane header/footer","HTTP 200 verified 2026-09-12","","https://github.com/innflow-ai/frontend/blob/8fb2143bb480be62877777afce09318a390a3e03/src/components/mega-menu.tsx"
"Navbar destination","Product; Solutions","Databases; CRM","/products/databases","https://innflow.ai/products/databases","Shared content; original header/footer","Shared content; Baselane header/footer","Shared content; Baselane header/footer","HTTP 200 verified 2026-09-12","","https://github.com/innflow-ai/frontend/blob/8fb2143bb480be62877777afce09318a390a3e03/src/components/mega-menu.tsx"
"Navbar destination","Product","Agentic Automation","/platform/agentic-automation","https://innflow.ai/platform/agentic-automation","Shared content; original header/footer","Shared content; Baselane header/footer","Shared content; Baselane header/footer","HTTP 200 verified 2026-09-12","","https://github.com/innflow-ai/frontend/blob/8fb2143bb480be62877777afce09318a390a3e03/src/components/mega-menu.tsx"
"Navbar destination","Product","Self Learning","/platform/self-learning","https://innflow.ai/platform/self-learning","Shared content; original header/footer","Shared content; Baselane header/footer","Shared content; Baselane header/footer","HTTP 200 verified 2026-09-12","","https://github.com/innflow-ai/frontend/blob/8fb2143bb480be62877777afce09318a390a3e03/src/components/mega-menu.tsx"
"Navbar destination","Product","Evaluations","/platform/evaluations","https://innflow.ai/platform/evaluations","Shared content; original header/footer","Shared content; Baselane header/footer","Shared content; Baselane header/footer","HTTP 200 verified 2026-09-12","","https://github.com/innflow-ai/frontend/blob/8fb2143bb480be62877777afce09318a390a3e03/src/components/mega-menu.tsx"
"Navbar destination","Product","Analytics and Observability","/platform/analytics-and-observability","https://innflow.ai/platform/analytics-and-observability","Shared content; original header/footer","Shared content; Baselane header/footer","Shared content; Baselane header/footer","HTTP 200 verified 2026-09-12","","https://github.com/innflow-ai/frontend/blob/8fb2143bb480be62877777afce09318a390a3e03/src/components/mega-menu.tsx"
"Navbar destination","Product","Integrations","/platform/integrations","https://innflow.ai/platform/integrations","Shared content; original header/footer","Shared content; Baselane header/footer","Shared content; Baselane header/footer","HTTP 200 verified 2026-09-12","","https://github.com/innflow-ai/frontend/blob/8fb2143bb480be62877777afce09318a390a3e03/src/components/mega-menu.tsx"
"Navbar destination","Product","Deployment Options","/platform/deployment-options","https://innflow.ai/platform/deployment-options","Shared content; original header/footer","Shared content; Baselane header/footer","Shared content; Baselane header/footer","HTTP 200 verified 2026-09-12","","https://github.com/innflow-ai/frontend/blob/8fb2143bb480be62877777afce09318a390a3e03/src/components/mega-menu.tsx"
"Navbar destination","Product","Security and Compliance","/platform/security-and-compliance","https://innflow.ai/platform/security-and-compliance","Shared content; original header/footer","Shared content; Baselane header/footer","Shared content; Baselane header/footer","HTTP 200 verified 2026-09-12","","https://github.com/innflow-ai/frontend/blob/8fb2143bb480be62877777afce09318a390a3e03/src/components/mega-menu.tsx"
"Navbar destination","Product","Connections","/connections","https://innflow.ai/connections","Shared content; original header/footer","Shared content; Baselane header/footer","Shared content; Baselane header/footer","HTTP 200 verified 2026-09-12","Directory of 37 BL page links; not an integrations catalog.","https://github.com/innflow-ai/frontend/blob/8fb2143bb480be62877777afce09318a390a3e03/src/components/mega-menu.tsx"
"Navbar destination","Solutions","Conventional; Student Housing; Centralized Operations; Owner Operators and Fee Managers; Owners; Move-In; Renewals; Delinquency; Owner Portal","/property-management","https://innflow.ai/property-management","Shared content; original header/footer","Shared content; Baselane header/footer","Shared content; Baselane header/footer","HTTP 200 verified 2026-09-12","","https://github.com/innflow-ai/frontend/blob/8fb2143bb480be62877777afce09318a390a3e03/src/components/mega-menu.tsx"
"Navbar destination","Portfolios; Solutions","Residential; Multifamily; Commercial; Community Associations; Maintenance & Mobile App","/multi-property-investors","https://innflow.ai/multi-property-investors","Shared content; original header/footer","Shared content; Baselane header/footer","Shared content; Baselane header/footer","HTTP 200 verified 2026-09-12","","https://github.com/innflow-ai/frontend/blob/8fb2143bb480be62877777afce09318a390a3e03/src/components/mega-menu.tsx"
"Navbar destination","Resources","Integrations","/integrations","https://innflow.ai/integrations","Shared content; original header/footer","Shared content; Baselane header/footer","Shared content; Baselane header/footer","HTTP 200 verified 2026-09-12","","https://github.com/innflow-ai/frontend/blob/8fb2143bb480be62877777afce09318a390a3e03/src/components/mega-menu.tsx"
"Navbar destination","Header; Resources","Pricing","/pricing","https://innflow.ai/pricing","Original pricing","Baselane pricing","Baselane pricing","HTTP 200 verified 2026-09-12","","https://github.com/innflow-ai/frontend/blob/8fb2143bb480be62877777afce09318a390a3e03/src/components/mega-menu.tsx"
"Navbar destination","Header; Resources","Blog; Customer Stories; Asset Library; View all posts","/blog","https://innflow.ai/blog","Shared content; original header/footer","Shared content; Baselane header/footer","Shared content; Baselane header/footer","HTTP 200 verified 2026-09-12","","https://github.com/innflow-ai/frontend/blob/8fb2143bb480be62877777afce09318a390a3e03/src/components/mega-menu.tsx"
"Navbar destination","Portfolios","Talk to sales banner","/contact","https://innflow.ai/contact","Shared content; original header/footer","Shared content; Baselane header/footer","Shared content; Baselane header/footer","HTTP 200 verified 2026-09-12","","https://github.com/innflow-ai/frontend/blob/8fb2143bb480be62877777afce09318a390a3e03/src/components/mega-menu.tsx"
"External destination","Header / Resources","Become an Affiliate","https://cal.com/julian-patrick-afu0u2/innflow-demo?overlayCalendar=true","https://cal.com/julian-patrick-afu0u2/innflow-demo?overlayCalendar=true","Same external destination","External destination","External destination","Source inventory; not individually live-verified","External demo booking destination.","https://github.com/innflow-ai/frontend/blob/8fb2143bb480be62877777afce09318a390a3e03/src/config/site.ts"
"External destination","Header / Resources","Continue with Google","https://app.innflow.ai/auth/google","https://app.innflow.ai/auth/google","Same external destination","External destination","External destination","Source inventory; not individually live-verified","Configured default; NEXT_PUBLIC_GOOGLE_AUTH_URL can override.","https://github.com/innflow-ai/frontend/blob/8fb2143bb480be62877777afce09318a390a3e03/src/config/site.ts"
"External destination","Header / Resources","Log in","https://app.innflow.ai/login","https://app.innflow.ai/login","Not present in original header","External destination","External destination","Source inventory; not individually live-verified","Baselane header only; app origin is configurable.","https://github.com/innflow-ai/frontend/blob/8fb2143bb480be62877777afce09318a390a3e03/src/config/site.ts"
"Dynamic destination","Resources","Latest from Innflow","/blog/{slug}","","Shared content; original header/footer","Shared content; Baselane header/footer","Shared content; Baselane header/footer","Source inventory; not individually live-verified","Articles selected dynamically from published Sanity posts; source query retrieves up to 5. Not a fixed page URL.","https://github.com/innflow-ai/frontend/blob/8fb2143bb480be62877777afce09318a390a3e03/src/lib/sanity.ts"
"BL directory destination","Get started","BL Home","/","https://innflow.ai/","Original homepage","Baselane homepage","Baselane homepage","HTTP 200 verified 2026-09-12","Reached through Product > Connections; not a separate top-level navbar entry.","https://github.com/innflow-ai/frontend/blob/8fb2143bb480be62877777afce09318a390a3e03/src/app/connections/page.tsx"
"BL directory destination","Get started","Plans and pricing","/pricing","https://innflow.ai/pricing","Original pricing","Baselane pricing","Baselane pricing","HTTP 200 verified 2026-09-12","Reached through Product > Connections; not a separate top-level navbar entry.","https://github.com/innflow-ai/frontend/blob/8fb2143bb480be62877777afce09318a390a3e03/src/app/connections/page.tsx"
"BL directory destination","Get started","Book a demo","/demo","https://innflow.ai/demo","Redirect to Cal.com","Baselane demo","Redirect to Cal.com","Source inventory; not individually live-verified","Reached through Product > Connections; not a separate top-level navbar entry.","https://github.com/innflow-ai/frontend/blob/8fb2143bb480be62877777afce09318a390a3e03/src/app/connections/page.tsx"
"BL directory destination","Get started","Who we help","/our-customers","https://innflow.ai/our-customers","Shared content; original header/footer","Shared content; Baselane header/footer","Shared content; Baselane header/footer","Source inventory; not individually live-verified","Reached through Product > Connections; not a separate top-level navbar entry.","https://github.com/innflow-ai/frontend/blob/8fb2143bb480be62877777afce09318a390a3e03/src/app/connections/page.tsx"
"BL directory destination","Property operations","Property operations","/landlord-banking","https://innflow.ai/landlord-banking","Shared content; original header/footer","Shared content; Baselane header/footer","Shared content; Baselane header/footer","Source inventory; not individually live-verified","Reached through Product > Connections; not a separate top-level navbar entry.","https://github.com/innflow-ai/frontend/blob/8fb2143bb480be62877777afce09318a390a3e03/src/app/connections/page.tsx"
"BL directory destination","Property operations","Connected property records","/landlord-accounting","https://innflow.ai/landlord-accounting","Shared content; original header/footer","Shared content; Baselane header/footer","Shared content; Baselane header/footer","Source inventory; not individually live-verified","Reached through Product > Connections; not a separate top-level navbar entry.","https://github.com/innflow-ai/frontend/blob/8fb2143bb480be62877777afce09318a390a3e03/src/app/connections/page.tsx"
"BL directory destination","Property operations","Recurring rental workflows","/rent-collection","https://innflow.ai/rent-collection","Shared content; original header/footer","Shared content; Baselane header/footer","Shared content; Baselane header/footer","Source inventory; not individually live-verified","Reached through Product > Connections; not a separate top-level navbar entry.","https://github.com/innflow-ai/frontend/blob/8fb2143bb480be62877777afce09318a390a3e03/src/app/connections/page.tsx"
"BL directory destination","Property operations","Rental workflows overview","/rent-collection-2","https://innflow.ai/rent-collection-2","Shared content; original header/footer","Shared content; Baselane header/footer","Shared content; Baselane header/footer","Source inventory; not individually live-verified","Reached through Product > Connections; not a separate top-level navbar entry.","https://github.com/innflow-ai/frontend/blob/8fb2143bb480be62877777afce09318a390a3e03/src/app/connections/page.tsx"
"BL directory destination","Property operations","Deposit workflows","/security-deposit-account","https://innflow.ai/security-deposit-account","Shared content; original header/footer","Shared content; Baselane header/footer","Shared content; Baselane header/footer","Source inventory; not individually live-verified","Reached through Product > Connections; not a separate top-level navbar entry.","https://github.com/innflow-ai/frontend/blob/8fb2143bb480be62877777afce09318a390a3e03/src/app/connections/page.tsx"
"BL directory destination","Property operations","Screening workflows","/tenant-screening-service","https://innflow.ai/tenant-screening-service","Shared content; original header/footer","Shared content; Baselane header/footer","Shared content; Baselane header/footer","Source inventory; not individually live-verified","Reached through Product > Connections; not a separate top-level navbar entry.","https://github.com/innflow-ai/frontend/blob/8fb2143bb480be62877777afce09318a390a3e03/src/app/connections/page.tsx"
"BL directory destination","Property operations","Lease document workflows","/lease-agreement","https://innflow.ai/lease-agreement","Shared content; original header/footer","Shared content; Baselane header/footer","Shared content; Baselane header/footer","Source inventory; not individually live-verified","Reached through Product > Connections; not a separate top-level navbar entry.","https://github.com/innflow-ai/frontend/blob/8fb2143bb480be62877777afce09318a390a3e03/src/app/connections/page.tsx"
"BL directory destination","Property operations","Property review preparation","/landlord-insurance","https://innflow.ai/landlord-insurance","Shared content; original header/footer","Shared content; Baselane header/footer","Shared content; Baselane header/footer","Source inventory; not individually live-verified","Reached through Product > Connections; not a separate top-level navbar entry.","https://github.com/innflow-ai/frontend/blob/8fb2143bb480be62877777afce09318a390a3e03/src/app/connections/page.tsx"
"BL directory destination","Property operations","Property document preparation","/tax-preparation","https://innflow.ai/tax-preparation","Shared content; original header/footer","Shared content; Baselane header/footer","Shared content; Baselane header/footer","Source inventory; not individually live-verified","Reached through Product > Connections; not a separate top-level navbar entry.","https://github.com/innflow-ai/frontend/blob/8fb2143bb480be62877777afce09318a390a3e03/src/app/connections/page.tsx"
"BL directory destination","Property operations","Property reserve planning","/landlord-banking-apy","https://innflow.ai/landlord-banking-apy","Shared content; original header/footer","Shared content; Baselane header/footer","Shared content; Baselane header/footer","Source inventory; not individually live-verified","Reached through Product > Connections; not a separate top-level navbar entry.","https://github.com/innflow-ai/frontend/blob/8fb2143bb480be62877777afce09318a390a3e03/src/app/connections/page.tsx"
"BL directory destination","Property operations","Financing preparation","/rental-property-loans","https://innflow.ai/rental-property-loans","Shared content; original header/footer","Shared content; Baselane header/footer","Shared content; Baselane header/footer","Source inventory; not individually live-verified","Reached through Product > Connections; not a separate top-level navbar entry.","https://github.com/innflow-ai/frontend/blob/8fb2143bb480be62877777afce09318a390a3e03/src/app/connections/page.tsx"
"BL directory destination","Property teams","Multi-property operations","/multi-property-investors","https://innflow.ai/multi-property-investors","Shared content; original header/footer","Shared content; Baselane header/footer","Shared content; Baselane header/footer","HTTP 200 verified 2026-09-12","Reached through Product > Connections; not a separate top-level navbar entry.","https://github.com/innflow-ai/frontend/blob/8fb2143bb480be62877777afce09318a390a3e03/src/app/connections/page.tsx"
"BL directory destination","Property teams","Long-term rental operations","/long-term-rentals","https://innflow.ai/long-term-rentals","Shared content; original header/footer","Shared content; Baselane header/footer","Shared content; Baselane header/footer","Source inventory; not individually live-verified","Reached through Product > Connections; not a separate top-level navbar entry.","https://github.com/innflow-ai/frontend/blob/8fb2143bb480be62877777afce09318a390a3e03/src/app/connections/page.tsx"
"BL directory destination","Property teams","Mid-term rental operations","/mid-term-rentals","https://innflow.ai/mid-term-rentals","Shared content; original header/footer","Shared content; Baselane header/footer","Shared content; Baselane header/footer","Source inventory; not individually live-verified","Reached through Product > Connections; not a separate top-level navbar entry.","https://github.com/innflow-ai/frontend/blob/8fb2143bb480be62877777afce09318a390a3e03/src/app/connections/page.tsx"
"BL directory destination","Property teams","Short-term rental operations","/short-term-rentals","https://innflow.ai/short-term-rentals","Shared content; original header/footer","Shared content; Baselane header/footer","Shared content; Baselane header/footer","Source inventory; not individually live-verified","Reached through Product > Connections; not a separate top-level navbar entry.","https://github.com/innflow-ai/frontend/blob/8fb2143bb480be62877777afce09318a390a3e03/src/app/connections/page.tsx"
"BL directory destination","Property teams","Connected resident experiences","/renters","https://innflow.ai/renters","Shared content; original header/footer","Shared content; Baselane header/footer","Shared content; Baselane header/footer","Source inventory; not individually live-verified","Reached through Product > Connections; not a separate top-level navbar entry.","https://github.com/innflow-ai/frontend/blob/8fb2143bb480be62877777afce09318a390a3e03/src/app/connections/page.tsx"
"BL directory destination","Resources","Resource library","/resources","https://innflow.ai/resources","Shared content; original header/footer","Shared content; Baselane header/footer","Shared content; Baselane header/footer","Source inventory; not individually live-verified","Reached through Product > Connections; not a separate top-level navbar entry.","https://github.com/innflow-ai/frontend/blob/8fb2143bb480be62877777afce09318a390a3e03/src/app/connections/page.tsx"
"BL directory destination","Resources","Document preparation worksheets","/free-rental-forms-and-templates-for-landlords","https://innflow.ai/free-rental-forms-and-templates-for-landlords","Shared content; original header/footer","Shared content; Baselane header/footer","Shared content; Baselane header/footer","Source inventory; not individually live-verified","Reached through Product > Connections; not a separate top-level navbar entry.","https://github.com/innflow-ai/frontend/blob/8fb2143bb480be62877777afce09318a390a3e03/src/app/connections/page.tsx"
"BL directory destination","Resources","Rent comparison calculator","/how-much-should-i-charge-for-rent","https://innflow.ai/how-much-should-i-charge-for-rent","Shared content; original header/footer","Shared content; Baselane header/footer","Shared content; Baselane header/footer","Source inventory; not individually live-verified","Reached through Product > Connections; not a separate top-level navbar entry.","https://github.com/innflow-ai/frontend/blob/8fb2143bb480be62877777afce09318a390a3e03/src/app/connections/page.tsx"
"BL directory destination","Resources","Real estate investing resources","/real-estate-investing","https://innflow.ai/real-estate-investing","Shared content; original header/footer","Shared content; Baselane header/footer","Shared content; Baselane header/footer","Source inventory; not individually live-verified","Reached through Product > Connections; not a separate top-level navbar entry.","https://github.com/innflow-ai/frontend/blob/8fb2143bb480be62877777afce09318a390a3e03/src/app/connections/page.tsx"
"BL directory destination","Resources","Workflow learning","/webinars","https://innflow.ai/webinars","Shared content; original header/footer","Shared content; Baselane header/footer","Shared content; Baselane header/footer","Source inventory; not individually live-verified","Reached through Product > Connections; not a separate top-level navbar entry.","https://github.com/innflow-ai/frontend/blob/8fb2143bb480be62877777afce09318a390a3e03/src/app/connections/page.tsx"
"BL directory destination","Resources","Product highlights","/product-updates","https://innflow.ai/product-updates","Shared content; original header/footer","Shared content; Baselane header/footer","Shared content; Baselane header/footer","Source inventory; not individually live-verified","Reached through Product > Connections; not a separate top-level navbar entry.","https://github.com/innflow-ai/frontend/blob/8fb2143bb480be62877777afce09318a390a3e03/src/app/connections/page.tsx"
"BL directory destination","Resources","innflow help center","/help-center","https://innflow.ai/help-center","Shared content; original header/footer","Shared content; Baselane header/footer","Shared content; Baselane header/footer","Source inventory; not individually live-verified","Reached through Product > Connections; not a separate top-level navbar entry.","https://github.com/innflow-ai/frontend/blob/8fb2143bb480be62877777afce09318a390a3e03/src/app/connections/page.tsx"
"BL directory destination","Company and partnerships","About innflow","/about","https://innflow.ai/about","Shared content; original header/footer","Shared content; Baselane header/footer","Shared content; Baselane header/footer","Source inventory; not individually live-verified","Reached through Product > Connections; not a separate top-level navbar entry.","https://github.com/innflow-ai/frontend/blob/8fb2143bb480be62877777afce09318a390a3e03/src/app/connections/page.tsx"
"BL directory destination","Company and partnerships","Careers at innflow","/careers","https://innflow.ai/careers","Shared content; original header/footer","Shared content; Baselane header/footer","Shared content; Baselane header/footer","Source inventory; not individually live-verified","Reached through Product > Connections; not a separate top-level navbar entry.","https://github.com/innflow-ai/frontend/blob/8fb2143bb480be62877777afce09318a390a3e03/src/app/connections/page.tsx"
"BL directory destination","Company and partnerships","Industry coverage","/in-the-news","https://innflow.ai/in-the-news","Shared content; original header/footer","Shared content; Baselane header/footer","Shared content; Baselane header/footer","Source inventory; not individually live-verified","Reached through Product > Connections; not a separate top-level navbar entry.","https://github.com/innflow-ai/frontend/blob/8fb2143bb480be62877777afce09318a390a3e03/src/app/connections/page.tsx"
"BL directory destination","Company and partnerships","Partner with innflow","/partner-with-us","https://innflow.ai/partner-with-us","Shared content; original header/footer","Shared content; Baselane header/footer","Shared content; Baselane header/footer","Source inventory; not individually live-verified","Reached through Product > Connections; not a separate top-level navbar entry.","https://github.com/innflow-ai/frontend/blob/8fb2143bb480be62877777afce09318a390a3e03/src/app/connections/page.tsx"
"BL directory destination","Company and partnerships","Advisor partnerships","/advisor-partner-program","https://innflow.ai/advisor-partner-program","Shared content; original header/footer","Shared content; Baselane header/footer","Shared content; Baselane header/footer","Source inventory; not individually live-verified","Reached through Product > Connections; not a separate top-level navbar entry.","https://github.com/innflow-ai/frontend/blob/8fb2143bb480be62877777afce09318a390a3e03/src/app/connections/page.tsx"
"BL directory destination","Company and partnerships","Share innflow","/landlord-referral","https://innflow.ai/landlord-referral","Shared content; original header/footer","Shared content; Baselane header/footer","Shared content; Baselane header/footer","Source inventory; not individually live-verified","Reached through Product > Connections; not a separate top-level navbar entry.","https://github.com/innflow-ai/frontend/blob/8fb2143bb480be62877777afce09318a390a3e03/src/app/connections/page.tsx"
"BL directory destination","Security and legal","Security and governance","/security","https://innflow.ai/security","Shared content; original header/footer","Shared content; Baselane header/footer","Shared content; Baselane header/footer","Source inventory; not individually live-verified","Reached through Product > Connections; not a separate top-level navbar entry.","https://github.com/innflow-ai/frontend/blob/8fb2143bb480be62877777afce09318a390a3e03/src/app/connections/page.tsx"
"BL directory destination","Security and legal","Legal agreements","/legal-agreements","https://innflow.ai/legal-agreements","Shared content; original header/footer","Shared content; Baselane header/footer","Shared content; Baselane header/footer","Source inventory; not individually live-verified","Reached through Product > Connections; not a separate top-level navbar entry.","https://github.com/innflow-ai/frontend/blob/8fb2143bb480be62877777afce09318a390a3e03/src/app/connections/page.tsx"
"BL directory destination","Security and legal","Privacy Policy","/legal/privacy-policy","https://innflow.ai/legal/privacy-policy","Shared content; original header/footer","Shared content; Baselane header/footer","Shared content; Baselane header/footer","Source inventory; not individually live-verified","Reached through Product > Connections; not a separate top-level navbar entry.","https://github.com/innflow-ai/frontend/blob/8fb2143bb480be62877777afce09318a390a3e03/src/app/connections/page.tsx"
"BL directory destination","Security and legal","Terms of Service","/legal/terms-of-service","https://innflow.ai/legal/terms-of-service","Shared content; original header/footer","Shared content; Baselane header/footer","Shared content; Baselane header/footer","Source inventory; not individually live-verified","Reached through Product > Connections; not a separate top-level navbar entry.","https://github.com/innflow-ai/frontend/blob/8fb2143bb480be62877777afce09318a390a3e03/src/app/connections/page.tsx"
"Legacy redirect","BL aliases","/BL/BL-about","/BL/BL-about","https://innflow.ai/BL/BL-about","Redirect to /about; preserve assigned control","Redirect to /about; preserve assigned new","Redirect to /about","Redirect configured in source; not individually live-verified","Legacy URL is not a split identifier.","https://github.com/innflow-ai/frontend/blob/8fb2143bb480be62877777afce09318a390a3e03/next.config.ts"
"Legacy redirect","BL aliases","/BL/BL-advisor-partner-program","/BL/BL-advisor-partner-program","https://innflow.ai/BL/BL-advisor-partner-program","Redirect to /advisor-partner-program; preserve assigned control","Redirect to /advisor-partner-program; preserve assigned new","Redirect to /advisor-partner-program","Redirect configured in source; not individually live-verified","Legacy URL is not a split identifier.","https://github.com/innflow-ai/frontend/blob/8fb2143bb480be62877777afce09318a390a3e03/next.config.ts"
"Legacy redirect","BL aliases","/BL/BL-careers","/BL/BL-careers","https://innflow.ai/BL/BL-careers","Redirect to /careers; preserve assigned control","Redirect to /careers; preserve assigned new","Redirect to /careers","Redirect configured in source; not individually live-verified","Legacy URL is not a split identifier.","https://github.com/innflow-ai/frontend/blob/8fb2143bb480be62877777afce09318a390a3e03/next.config.ts"
"Legacy redirect","BL aliases","/BL/BL-connections","/BL/BL-connections","https://innflow.ai/BL/BL-connections","Redirect to /connections; preserve assigned control","Redirect to /connections; preserve assigned new","Redirect to /connections","Redirect configured in source; not individually live-verified","Legacy URL is not a split identifier.","https://github.com/innflow-ai/frontend/blob/8fb2143bb480be62877777afce09318a390a3e03/next.config.ts"
"Legacy redirect","BL aliases","/BL/BL-demo","/BL/BL-demo","https://innflow.ai/BL/BL-demo","Redirect to /demo; preserve assigned control","Redirect to /demo; preserve assigned new","Redirect to /demo","Redirect configured in source; not individually live-verified","Legacy URL is not a split identifier.","https://github.com/innflow-ai/frontend/blob/8fb2143bb480be62877777afce09318a390a3e03/next.config.ts"
"Legacy redirect","BL aliases","/BL/BL-free-rental-forms-and-templates-for-landlords","/BL/BL-free-rental-forms-and-templates-for-landlords","https://innflow.ai/BL/BL-free-rental-forms-and-templates-for-landlords","Redirect to /free-rental-forms-and-templates-for-landlords; preserve assigned control","Redirect to /free-rental-forms-and-templates-for-landlords; preserve assigned new","Redirect to /free-rental-forms-and-templates-for-landlords","Redirect configured in source; not individually live-verified","Legacy URL is not a split identifier.","https://github.com/innflow-ai/frontend/blob/8fb2143bb480be62877777afce09318a390a3e03/next.config.ts"
"Legacy redirect","BL aliases","/BL/BL-help-center","/BL/BL-help-center","https://innflow.ai/BL/BL-help-center","Redirect to /help-center; preserve assigned control","Redirect to /help-center; preserve assigned new","Redirect to /help-center","Redirect configured in source; not individually live-verified","Legacy URL is not a split identifier.","https://github.com/innflow-ai/frontend/blob/8fb2143bb480be62877777afce09318a390a3e03/next.config.ts"
"Legacy redirect","BL aliases","/BL/BL-home","/BL/BL-home","https://innflow.ai/BL/BL-home","Redirect to /; preserve assigned control","Redirect to /; preserve assigned new","Redirect to /","Redirect target verified live 2026-09-12","Legacy URL is not a split identifier.","https://github.com/innflow-ai/frontend/blob/8fb2143bb480be62877777afce09318a390a3e03/next.config.ts"
"Legacy redirect","BL aliases","/BL/BL-how-much-should-i-charge-for-rent","/BL/BL-how-much-should-i-charge-for-rent","https://innflow.ai/BL/BL-how-much-should-i-charge-for-rent","Redirect to /how-much-should-i-charge-for-rent; preserve assigned control","Redirect to /how-much-should-i-charge-for-rent; preserve assigned new","Redirect to /how-much-should-i-charge-for-rent","Redirect configured in source; not individually live-verified","Legacy URL is not a split identifier.","https://github.com/innflow-ai/frontend/blob/8fb2143bb480be62877777afce09318a390a3e03/next.config.ts"
"Legacy redirect","BL aliases","/BL/BL-in-the-news","/BL/BL-in-the-news","https://innflow.ai/BL/BL-in-the-news","Redirect to /in-the-news; preserve assigned control","Redirect to /in-the-news; preserve assigned new","Redirect to /in-the-news","Redirect configured in source; not individually live-verified","Legacy URL is not a split identifier.","https://github.com/innflow-ai/frontend/blob/8fb2143bb480be62877777afce09318a390a3e03/next.config.ts"
"Legacy redirect","BL aliases","/BL/BL-landlord-accounting","/BL/BL-landlord-accounting","https://innflow.ai/BL/BL-landlord-accounting","Redirect to /landlord-accounting; preserve assigned control","Redirect to /landlord-accounting; preserve assigned new","Redirect to /landlord-accounting","Redirect configured in source; not individually live-verified","Legacy URL is not a split identifier.","https://github.com/innflow-ai/frontend/blob/8fb2143bb480be62877777afce09318a390a3e03/next.config.ts"
"Legacy redirect","BL aliases","/BL/BL-landlord-banking","/BL/BL-landlord-banking","https://innflow.ai/BL/BL-landlord-banking","Redirect to /landlord-banking; preserve assigned control","Redirect to /landlord-banking; preserve assigned new","Redirect to /landlord-banking","Redirect configured in source; not individually live-verified","Legacy URL is not a split identifier.","https://github.com/innflow-ai/frontend/blob/8fb2143bb480be62877777afce09318a390a3e03/next.config.ts"
"Legacy redirect","BL aliases","/BL/BL-landlord-banking-apy","/BL/BL-landlord-banking-apy","https://innflow.ai/BL/BL-landlord-banking-apy","Redirect to /landlord-banking-apy; preserve assigned control","Redirect to /landlord-banking-apy; preserve assigned new","Redirect to /landlord-banking-apy","Redirect configured in source; not individually live-verified","Legacy URL is not a split identifier.","https://github.com/innflow-ai/frontend/blob/8fb2143bb480be62877777afce09318a390a3e03/next.config.ts"
"Legacy redirect","BL aliases","/BL/BL-landlord-insurance","/BL/BL-landlord-insurance","https://innflow.ai/BL/BL-landlord-insurance","Redirect to /landlord-insurance; preserve assigned control","Redirect to /landlord-insurance; preserve assigned new","Redirect to /landlord-insurance","Redirect configured in source; not individually live-verified","Legacy URL is not a split identifier.","https://github.com/innflow-ai/frontend/blob/8fb2143bb480be62877777afce09318a390a3e03/next.config.ts"
"Legacy redirect","BL aliases","/BL/BL-landlord-referral","/BL/BL-landlord-referral","https://innflow.ai/BL/BL-landlord-referral","Redirect to /landlord-referral; preserve assigned control","Redirect to /landlord-referral; preserve assigned new","Redirect to /landlord-referral","Redirect configured in source; not individually live-verified","Legacy URL is not a split identifier.","https://github.com/innflow-ai/frontend/blob/8fb2143bb480be62877777afce09318a390a3e03/next.config.ts"
"Legacy redirect","BL aliases","/BL/BL-lease-agreement","/BL/BL-lease-agreement","https://innflow.ai/BL/BL-lease-agreement","Redirect to /lease-agreement; preserve assigned control","Redirect to /lease-agreement; preserve assigned new","Redirect to /lease-agreement","Redirect configured in source; not individually live-verified","Legacy URL is not a split identifier.","https://github.com/innflow-ai/frontend/blob/8fb2143bb480be62877777afce09318a390a3e03/next.config.ts"
"Legacy redirect","BL aliases","/BL/BL-legal-agreements","/BL/BL-legal-agreements","https://innflow.ai/BL/BL-legal-agreements","Redirect to /legal-agreements; preserve assigned control","Redirect to /legal-agreements; preserve assigned new","Redirect to /legal-agreements","Redirect configured in source; not individually live-verified","Legacy URL is not a split identifier.","https://github.com/innflow-ai/frontend/blob/8fb2143bb480be62877777afce09318a390a3e03/next.config.ts"
"Legacy redirect","BL aliases","/BL/BL-long-term-rentals","/BL/BL-long-term-rentals","https://innflow.ai/BL/BL-long-term-rentals","Redirect to /long-term-rentals; preserve assigned control","Redirect to /long-term-rentals; preserve assigned new","Redirect to /long-term-rentals","Redirect configured in source; not individually live-verified","Legacy URL is not a split identifier.","https://github.com/innflow-ai/frontend/blob/8fb2143bb480be62877777afce09318a390a3e03/next.config.ts"
"Legacy redirect","BL aliases","/BL/BL-mid-term-rentals","/BL/BL-mid-term-rentals","https://innflow.ai/BL/BL-mid-term-rentals","Redirect to /mid-term-rentals; preserve assigned control","Redirect to /mid-term-rentals; preserve assigned new","Redirect to /mid-term-rentals","Redirect configured in source; not individually live-verified","Legacy URL is not a split identifier.","https://github.com/innflow-ai/frontend/blob/8fb2143bb480be62877777afce09318a390a3e03/next.config.ts"
"Legacy redirect","BL aliases","/BL/BL-multi-property-investors","/BL/BL-multi-property-investors","https://innflow.ai/BL/BL-multi-property-investors","Redirect to /multi-property-investors; preserve assigned control","Redirect to /multi-property-investors; preserve assigned new","Redirect to /multi-property-investors","Redirect configured in source; not individually live-verified","Legacy URL is not a split identifier.","https://github.com/innflow-ai/frontend/blob/8fb2143bb480be62877777afce09318a390a3e03/next.config.ts"
"Legacy redirect","BL aliases","/BL/BL-our-customers","/BL/BL-our-customers","https://innflow.ai/BL/BL-our-customers","Redirect to /our-customers; preserve assigned control","Redirect to /our-customers; preserve assigned new","Redirect to /our-customers","Redirect configured in source; not individually live-verified","Legacy URL is not a split identifier.","https://github.com/innflow-ai/frontend/blob/8fb2143bb480be62877777afce09318a390a3e03/next.config.ts"
"Legacy redirect","BL aliases","/BL/BL-partner-with-us","/BL/BL-partner-with-us","https://innflow.ai/BL/BL-partner-with-us","Redirect to /partner-with-us; preserve assigned control","Redirect to /partner-with-us; preserve assigned new","Redirect to /partner-with-us","Redirect configured in source; not individually live-verified","Legacy URL is not a split identifier.","https://github.com/innflow-ai/frontend/blob/8fb2143bb480be62877777afce09318a390a3e03/next.config.ts"
"Legacy redirect","BL aliases","/BL/BL-pricing","/BL/BL-pricing","https://innflow.ai/BL/BL-pricing","Redirect to /pricing; preserve assigned control","Redirect to /pricing; preserve assigned new","Redirect to /pricing","Redirect target verified live 2026-09-12","Legacy URL is not a split identifier.","https://github.com/innflow-ai/frontend/blob/8fb2143bb480be62877777afce09318a390a3e03/next.config.ts"
"Legacy redirect","BL aliases","/BL/BL-privacy-policy","/BL/BL-privacy-policy","https://innflow.ai/BL/BL-privacy-policy","Redirect to /legal/privacy-policy; preserve assigned control","Redirect to /legal/privacy-policy; preserve assigned new","Redirect to /legal/privacy-policy","Redirect configured in source; not individually live-verified","Legacy URL is not a split identifier.","https://github.com/innflow-ai/frontend/blob/8fb2143bb480be62877777afce09318a390a3e03/next.config.ts"
"Legacy redirect","BL aliases","/BL/BL-product-updates","/BL/BL-product-updates","https://innflow.ai/BL/BL-product-updates","Redirect to /product-updates; preserve assigned control","Redirect to /product-updates; preserve assigned new","Redirect to /product-updates","Redirect configured in source; not individually live-verified","Legacy URL is not a split identifier.","https://github.com/innflow-ai/frontend/blob/8fb2143bb480be62877777afce09318a390a3e03/next.config.ts"
"Legacy redirect","BL aliases","/BL/BL-real-estate-investing","/BL/BL-real-estate-investing","https://innflow.ai/BL/BL-real-estate-investing","Redirect to /real-estate-investing; preserve assigned control","Redirect to /real-estate-investing; preserve assigned new","Redirect to /real-estate-investing","Redirect configured in source; not individually live-verified","Legacy URL is not a split identifier.","https://github.com/innflow-ai/frontend/blob/8fb2143bb480be62877777afce09318a390a3e03/next.config.ts"
"Legacy redirect","BL aliases","/BL/BL-rent-collection","/BL/BL-rent-collection","https://innflow.ai/BL/BL-rent-collection","Redirect to /rent-collection; preserve assigned control","Redirect to /rent-collection; preserve assigned new","Redirect to /rent-collection","Redirect configured in source; not individually live-verified","Legacy URL is not a split identifier.","https://github.com/innflow-ai/frontend/blob/8fb2143bb480be62877777afce09318a390a3e03/next.config.ts"
"Legacy redirect","BL aliases","/BL/BL-rent-collection-2","/BL/BL-rent-collection-2","https://innflow.ai/BL/BL-rent-collection-2","Redirect to /rent-collection-2; preserve assigned control","Redirect to /rent-collection-2; preserve assigned new","Redirect to /rent-collection-2","Redirect configured in source; not individually live-verified","Legacy URL is not a split identifier.","https://github.com/innflow-ai/frontend/blob/8fb2143bb480be62877777afce09318a390a3e03/next.config.ts"
"Legacy redirect","BL aliases","/BL/BL-rental-property-loans","/BL/BL-rental-property-loans","https://innflow.ai/BL/BL-rental-property-loans","Redirect to /rental-property-loans; preserve assigned control","Redirect to /rental-property-loans; preserve assigned new","Redirect to /rental-property-loans","Redirect configured in source; not individually live-verified","Legacy URL is not a split identifier.","https://github.com/innflow-ai/frontend/blob/8fb2143bb480be62877777afce09318a390a3e03/next.config.ts"
"Legacy redirect","BL aliases","/BL/BL-renters","/BL/BL-renters","https://innflow.ai/BL/BL-renters","Redirect to /renters; preserve assigned control","Redirect to /renters; preserve assigned new","Redirect to /renters","Redirect configured in source; not individually live-verified","Legacy URL is not a split identifier.","https://github.com/innflow-ai/frontend/blob/8fb2143bb480be62877777afce09318a390a3e03/next.config.ts"
"Legacy redirect","BL aliases","/BL/BL-resources","/BL/BL-resources","https://innflow.ai/BL/BL-resources","Redirect to /resources; preserve assigned control","Redirect to /resources; preserve assigned new","Redirect to /resources","Redirect configured in source; not individually live-verified","Legacy URL is not a split identifier.","https://github.com/innflow-ai/frontend/blob/8fb2143bb480be62877777afce09318a390a3e03/next.config.ts"
"Legacy redirect","BL aliases","/BL/BL-security","/BL/BL-security","https://innflow.ai/BL/BL-security","Redirect to /security; preserve assigned control","Redirect to /security; preserve assigned new","Redirect to /security","Redirect configured in source; not individually live-verified","Legacy URL is not a split identifier.","https://github.com/innflow-ai/frontend/blob/8fb2143bb480be62877777afce09318a390a3e03/next.config.ts"
"Legacy redirect","BL aliases","/BL/BL-security-deposit-account","/BL/BL-security-deposit-account","https://innflow.ai/BL/BL-security-deposit-account","Redirect to /security-deposit-account; preserve assigned control","Redirect to /security-deposit-account; preserve assigned new","Redirect to /security-deposit-account","Redirect configured in source; not individually live-verified","Legacy URL is not a split identifier.","https://github.com/innflow-ai/frontend/blob/8fb2143bb480be62877777afce09318a390a3e03/next.config.ts"
"Legacy redirect","BL aliases","/BL/BL-short-term-rentals","/BL/BL-short-term-rentals","https://innflow.ai/BL/BL-short-term-rentals","Redirect to /short-term-rentals; preserve assigned control","Redirect to /short-term-rentals; preserve assigned new","Redirect to /short-term-rentals","Redirect configured in source; not individually live-verified","Legacy URL is not a split identifier.","https://github.com/innflow-ai/frontend/blob/8fb2143bb480be62877777afce09318a390a3e03/next.config.ts"
"Legacy redirect","BL aliases","/BL/BL-tax-preparation","/BL/BL-tax-preparation","https://innflow.ai/BL/BL-tax-preparation","Redirect to /tax-preparation; preserve assigned control","Redirect to /tax-preparation; preserve assigned new","Redirect to /tax-preparation","Redirect configured in source; not individually live-verified","Legacy URL is not a split identifier.","https://github.com/innflow-ai/frontend/blob/8fb2143bb480be62877777afce09318a390a3e03/next.config.ts"
"Legacy redirect","BL aliases","/BL/BL-tenant-screening-service","/BL/BL-tenant-screening-service","https://innflow.ai/BL/BL-tenant-screening-service","Redirect to /tenant-screening-service; preserve assigned control","Redirect to /tenant-screening-service; preserve assigned new","Redirect to /tenant-screening-service","Redirect configured in source; not individually live-verified","Legacy URL is not a split identifier.","https://github.com/innflow-ai/frontend/blob/8fb2143bb480be62877777afce09318a390a3e03/next.config.ts"
"Legacy redirect","BL aliases","/BL/BL-terms-of-use","/BL/BL-terms-of-use","https://innflow.ai/BL/BL-terms-of-use","Redirect to /legal/terms-of-service; preserve assigned control","Redirect to /legal/terms-of-service; preserve assigned new","Redirect to /legal/terms-of-service","Redirect configured in source; not individually live-verified","Legacy URL is not a split identifier.","https://github.com/innflow-ai/frontend/blob/8fb2143bb480be62877777afce09318a390a3e03/next.config.ts"
"Legacy redirect","BL aliases","/BL/BL-webinars","/BL/BL-webinars","https://innflow.ai/BL/BL-webinars","Redirect to /webinars; preserve assigned control","Redirect to /webinars; preserve assigned new","Redirect to /webinars","Redirect configured in source; not individually live-verified","Legacy URL is not a split identifier.","https://github.com/innflow-ai/frontend/blob/8fb2143bb480be62877777afce09318a390a3e03/next.config.ts"
"Legacy redirect","BL aliases","/BL","/BL","https://innflow.ai/BL","Redirect to /; preserve assigned control","Redirect to /; preserve assigned new","Redirect to /","Redirect configured in source; not individually live-verified","Legacy URL is not a split identifier.","https://github.com/innflow-ai/frontend/blob/8fb2143bb480be62877777afce09318a390a3e03/next.config.ts"
"Legacy redirect","BL aliases","/homepage-baselane","/homepage-baselane","https://innflow.ai/homepage-baselane","Redirect to /; preserve assigned control","Redirect to /; preserve assigned new","Redirect to /","Redirect configured in source; not individually live-verified","Legacy URL is not a split identifier.","https://github.com/innflow-ai/frontend/blob/8fb2143bb480be62877777afce09318a390a3e03/next.config.ts"
"Experiment configuration","Split test","Experiment key","marketing-experience-v1","","","","","Source verified 2026-09-12","Experiment version used for assignment and analytics.","https://github.com/innflow-ai/frontend/blob/8fb2143bb480be62877777afce09318a390a3e03/src/lib/marketing-experience.ts"
"Experiment configuration","Split test","Original variant","control","","","","","Source verified 2026-09-12","Original homepage, pricing, header and footer; demo redirects to Cal.com.","https://github.com/innflow-ai/frontend/blob/8fb2143bb480be62877777afce09318a390a3e03/src/lib/marketing-experience.ts"
"Experiment configuration","Split test","Baselane variant","new","","","","","Source verified 2026-09-12","Baselane homepage, pricing, header and footer; demo renders Baselane demo component.","https://github.com/innflow-ai/frontend/blob/8fb2143bb480be62877777afce09318a390a3e03/src/lib/marketing-experience.ts"
"Experiment configuration","Split test","Disabled mode","off","","","","","Source verified 2026-09-12","No experiment enrollment; Baselane homepage/pricing and shell are default. Demo redirects to Cal.com.","https://github.com/innflow-ai/frontend/blob/8fb2143bb480be62877777afce09318a390a3e03/src/proxy.ts"
"Experiment configuration","Split test","Allocation mode","MARKETING_EXPERIENCE_MODE=experiment","","","","","Source verified 2026-09-12","Server-side random 50/50 allocation on eligible first non-prefetch marketing request. A PostHog flag toggle alone does not change routing.","https://github.com/innflow-ai/frontend/blob/8fb2143bb480be62877777afce09318a390a3e03/src/proxy.ts"
"Experiment configuration","Split test","Persistent assignment cookie","innflow-experience","","","","","Source verified 2026-09-12","Signed HttpOnly host-only cookie; 90-day expiry.","https://github.com/innflow-ai/frontend/blob/8fb2143bb480be62877777afce09318a390a3e03/src/proxy.ts"
"Experiment configuration","Split test","Signing secret","MARKETING_EXPERIENCE_SECRET","","","","","Source verified 2026-09-12","Server-only signing secret of at least 32 characters; missing secret during active routing fails to control without measurement. Secret value omitted.","https://github.com/innflow-ai/frontend/blob/8fb2143bb480be62877777afce09318a390a3e03/src/proxy.ts"
"Experiment configuration","Split test","Request variant marker","x-innflow-experience","","","","","Source verified 2026-09-12","Value is control or new.","https://github.com/innflow-ai/frontend/blob/8fb2143bb480be62877777afce09318a390a3e03/src/lib/marketing-experience.ts"
"Experiment configuration","Split test","Request measurement marker","x-innflow-experience-measure","","","","","Source verified 2026-09-12","Value 1 enables eligible experiment measurement; otherwise 0.","https://github.com/innflow-ai/frontend/blob/8fb2143bb480be62877777afce09318a390a3e03/src/proxy.ts"
"Experiment configuration","Split test","HTML variant marker","data-marketing-experience","","","","","Source verified 2026-09-12","Body attribute is control or new; absent when no variant is assigned.","https://github.com/innflow-ai/frontend/blob/8fb2143bb480be62877777afce09318a390a3e03/src/app/layout.tsx"
"Experiment configuration","Split test","PostHog grouping property","$feature/marketing-experience-v1","","","","","Source verified 2026-09-12","Value is control or new; use this to distinguish variants.","https://github.com/innflow-ai/frontend/blob/8fb2143bb480be62877777afce09318a390a3e03/src/lib/marketing-experience.ts"
"Experiment configuration","Split test","PostHog version property","experiment_version","","","","","Source verified 2026-09-12","Value is marketing-experience-v1.","https://github.com/innflow-ai/frontend/blob/8fb2143bb480be62877777afce09318a390a3e03/src/lib/marketing-experience.ts"
"Experiment configuration","Split test","Exposure event","marketing_experience_viewed","","","","","Source verified 2026-09-12","Captured only after analytics consent and successful attribution handoff. Includes variant properties and page path.","https://github.com/innflow-ai/frontend/blob/8fb2143bb480be62877777afce09318a390a3e03/src/lib/marketing-experience-client.ts"
"Experiment configuration","Split test","Attribution failure event","marketing_experience_handoff_failed","","","","","Source verified 2026-09-12","Indicates failed attribution handoff; failed handoff does not count as successful exposure.","https://github.com/innflow-ai/frontend/blob/8fb2143bb480be62877777afce09318a390a3e03/src/lib/marketing-experience-client.ts"
"Experiment configuration","Split test","Preview selection","?experience=control; ?experience=new","","","","","Source verified 2026-09-12","Development or Vercel preview only; QA assignment persists via cookie when active and is excluded from measurement. Production ignores preview query selection.","https://github.com/innflow-ai/frontend/blob/8fb2143bb480be62877777afce09318a390a3e03/src/proxy.ts"
"Experiment configuration","Split test","Staff exclusion","innflow-experiment-exclude=1","","","","","Source verified 2026-09-12","Staff exclusion cookie forces control without exposure; bots are also excluded.","https://github.com/innflow-ai/frontend/blob/8fb2143bb480be62877777afce09318a390a3e03/src/proxy.ts"
"Experiment configuration","Split test","Consent mirror cookie","innflow-analytics-consent","","","","","Source verified 2026-09-12","Mirrors analytics consent for the innflow.ai domain.","https://github.com/innflow-ai/frontend/blob/8fb2143bb480be62877777afce09318a390a3e03/src/lib/marketing-experience-client.ts"
"Experiment configuration","Split test","Signup attribution cookie","innflow-experiment-attribution","","","","","Source verified 2026-09-12","Signed HttpOnly cookie shared with app; contains anonymous PostHog ID, variant and exposure timestamp; expires after 7 days.","https://github.com/innflow-ai/frontend/blob/8fb2143bb480be62877777afce09318a390a3e03/docs/marketing-experience-experiment.md"
"Experiment configuration","Split test","Primary conversion","signup_completed","","","","","Source verified 2026-09-12","Unique exposed people creating an account within 7 days; login is not a primary conversion. App delivery was not verified by this inventory.","https://github.com/innflow-ai/frontend/blob/8fb2143bb480be62877777afce09318a390a3e03/docs/marketing-experience-experiment.md"
"Experiment configuration","Split test","Shared content model","Home / pricing / demo + shell split","","","","","Source verified 2026-09-12","Other destinations share content inside the assigned header/footer. Both headers consume shared menu definitions.","https://github.com/innflow-ai/frontend/blob/8fb2143bb480be62877777afce09318a390a3e03/src/app/layout.tsx"
"Experiment configuration","Split test","Navigation consistency","Full-document navigation","","","","","Source verified 2026-09-12","When assigned, full-document navigation keeps page and shell on the same assignment and applies mode changes on next navigation.","https://github.com/innflow-ai/frontend/blob/8fb2143bb480be62877777afce09318a390a3e03/src/components/marketing-experience-runtime.tsx"
"Experiment configuration","Split test","Production observation","Baselane navbar; no body experiment marker","","","","","Public homepage observed 2026-09-12","Consistent with mode off; production environment setting and PostHog launch state were not directly verified.","https://github.com/innflow-ai/frontend/blob/8fb2143bb480be62877777afce09318a390a3e03/src/app/layout.tsx"
"Experiment configuration","Split test","Legacy markers","/BL/BL-*; baselane_*","","","","","Source verified 2026-09-12","Legacy URL prefixes and baselane_* click-event labels are not reliable split identifiers. Use control/new experiment property.","https://github.com/innflow-ai/frontend/blob/8fb2143bb480be62877777afce09318a390a3e03/next.config.ts"
