title,category,photographer,source_url,license,download_url,file,width,height,orientation,bytes,sha256,retrieved
A dense suburban neighborhood with many houses,neighborhoods,Albert Stoynov,https://unsplash.com/photos/a-dense-suburban-neighborhood-with-many-houses--YE6uPZ32J4,https://unsplash.com/license,https://images.unsplash.com/photo-1767658587049-33f3de7df008?auto=format&fit=max&q=90&cs=srgb&fm=jpg&ixid=M3wxMjA3fDB8MXxhbGx8fHx8fHx8fHwxNzg4NzQ3MDE4fA&ixlib=rb-4.1.0&w=2400,neighborhoods/a-dense-suburban-neighborhood-with-many-houses--YE6uPZ32J4.jpg,2400,1600,landscape,943088,181d71503251c3738a10fd1152db072822b9ebb62ab070cdbd43991bca39cb45,2026-09-06
an aerial view of a city with lots of houses,neighborhoods,Ilia Bronskiy,https://unsplash.com/photos/an-aerial-view-of-a-city-with-lots-of-houses-5SmY8fZFVFY,https://unsplash.com/license,https://images.unsplash.com/photo-1650057973182-a38579f37393?auto=format&fit=max&q=90&cs=srgb&fm=jpg&ixid=M3wxMjA3fDB8MXxhbGx8fHx8fHx8fHwxNzg4NzQ3MDE5fA&ixlib=rb-4.1.0&w=2400,neighborhoods/an-aerial-view-of-a-city-with-lots-of-houses-5SmY8fZFVFY.jpg,2400,1800,landscape,1481381,cc9b49d2b2014c010058a5a6bb60c5407fc3e453cb9b4e75713d2777701e8c1a,2026-09-06
an aerial view of a neighborhood in the fall,neighborhoods,Compagnons,https://unsplash.com/photos/an-aerial-view-of-a-neighborhood-in-the-fall-8R2JZPBt45o,https://unsplash.com/license,https://images.unsplash.com/photo-1637119106056-4a20093bd913?auto=format&fit=max&q=90&cs=srgb&fm=jpg&ixid=M3wxMjA3fDB8MXxhbGx8fHx8fHx8fHwxNzg4NzQ3MDE5fA&ixlib=rb-4.1.0&w=2400,neighborhoods/an-aerial-view-of-a-neighborhood-in-the-fall-8R2JZPBt45o.jpg,2400,1600,landscape,1310995,c8542d09df0d8396538fb048103442e0d8880baea49bc24baa318eadb845f5bd,2026-09-06
an aerial view of a neighborhood with many houses,neighborhoods,Compagnons,https://unsplash.com/photos/an-aerial-view-of-a-neighborhood-with-many-houses-fqB1WnaWo5s,https://unsplash.com/license,https://images.unsplash.com/photo-1637119106020-dd3255d5fa6d?auto=format&fit=max&q=90&cs=srgb&fm=jpg&ixid=M3wxMjA3fDB8MXxhbGx8fHx8fHx8fHwxNzg4NzEwOTY1fA&ixlib=rb-4.1.0&w=2400,neighborhoods/an-aerial-view-of-a-neighborhood-with-many-houses-fqB1WnaWo5s.jpg,2400,1600,landscape,1313951,2291f73aea066752e6388d4e8e4b0456553bbe21dea803512275bd0a25f25c41,2026-09-06
an aerial view of a suburban neighborhood,neighborhoods,Thaddious Thomas,https://unsplash.com/photos/an-aerial-view-of-a-suburban-neighborhood-wuWncGzZm2c,https://unsplash.com/license,https://images.unsplash.com/photo-1687178941585-89d6fea55051?auto=format&fit=max&q=90&cs=srgb&fm=jpg&ixid=M3wxMjA3fDB8MXxhbGx8fHx8fHx8fHwxNzg4NzQ3MDE4fA&ixlib=rb-4.1.0&w=2400,neighborhoods/an-aerial-view-of-a-suburban-neighborhood-wuWncGzZm2c.jpg,2400,1800,landscape,1271806,ab48473dc38c2290ab565af4c42eb31be5889176f909e8156c49279a1d36e7b1,2026-09-06
A suburban house with a blue door and trees,properties,Millie Sanz,https://unsplash.com/photos/a-suburban-house-with-a-blue-door-and-trees-P1C50ZwvZCg,https://unsplash.com/license,https://images.unsplash.com/photo-1760387420081-c79b9f7540d5?auto=format&fit=max&q=90&cs=srgb&fm=jpg&ixid=M3wxMjA3fDB8MXxhbGx8fHx8fHx8fHwxNzg4NzQ3MDIxfA&ixlib=rb-4.1.0&w=2400,properties/a-suburban-house-with-a-blue-door-and-trees-P1C50ZwvZCg.jpg,2400,1600,landscape,1224711,3c51b2378a54cba5a6b2c5d91133cb4468b9ff739932738ba0b11626e60d72b7,2026-09-06
Row of houses on a foggy morning,residential-streets,T,https://unsplash.com/photos/row-of-houses-on-a-foggy-morning-EmTHXFPQ1yM,https://unsplash.com/license,https://images.unsplash.com/photo-1768383236002-f834f86971ea?auto=format&fit=max&q=90&cs=srgb&fm=jpg&ixid=M3wxMjA3fDB8MXxhbGx8fHx8fHx8fHwxNzg4NzQ3MDIzfA&ixlib=rb-4.1.0&w=2400,residential-streets/row-of-houses-on-a-foggy-morning-EmTHXFPQ1yM.jpg,2400,1600,landscape,445488,2c6186aedc0e0cb15e2ea13ba8cd0de34770187bb7bb35132cca729f345e1d62,2026-09-06
a row of houses,residential-streets,Gene Gallin,https://unsplash.com/photos/a-row-of-houses-AAKYQDsXVYg,https://unsplash.com/license,https://images.unsplash.com/photo-1666220812435-9c033d431a94?auto=format&fit=max&q=90&cs=srgb&fm=jpg&ixid=M3wxMjA3fDB8MXxhbGx8fHx8fHx8fHwxNzg4NzQ3MDI0fA&ixlib=rb-4.1.0&w=2400,residential-streets/a-row-of-houses-AAKYQDsXVYg.jpg,2400,1350,landscape,788883,0aa0a8231debe43a6041a0043417019517f45e9d2b1ba4967b4d39bb1040e626,2026-09-06
a bird's eye view of a city with lots of houses,neighborhoods,Judah Estrada,https://unsplash.com/photos/a-birds-eye-view-of-a-city-with-lots-of-houses-SeSuXYtCtyQ,https://unsplash.com/license,https://images.unsplash.com/photo-1650222360656-8a3061cb004f?auto=format&fit=max&q=90&cs=srgb&fm=jpg&ixid=M3wxMjA3fDB8MXxhbGx8fHx8fHx8fHwxNzg4NzQ3MDE4fA&ixlib=rb-4.1.0&w=2400,neighborhoods/a-birds-eye-view-of-a-city-with-lots-of-houses-SeSuXYtCtyQ.jpg,2400,3200,portrait,3131076,eb53a6fe90ecd58b24ec2cf6f801784ac8337ad8fd1fe94577e337da59e66799,2026-09-06
A blue two-story house with black shutters,properties,Idean Azad,https://unsplash.com/photos/a-blue-two-story-house-with-black-shutters-PN3017vLx64,https://unsplash.com/license,https://images.unsplash.com/photo-1768768736208-b8f0e498e174?auto=format&fit=max&q=90&cs=srgb&fm=jpg&ixid=M3wxMjA3fDB8MXxhbGx8fHx8fHx8fHwxNzg4NzM5MDE3fA&ixlib=rb-4.1.0&w=2400,properties/a-blue-two-story-house-with-black-shutters-PN3017vLx64.jpg,2400,3200,portrait,1521939,fbd8da8c7d69193ee0f97f939f1e684b849204a2e13ae1f580b7c322395c9dfa,2026-09-06
A suburban house with a garage and manicured bushes,properties,Kellen Riggin,https://unsplash.com/photos/a-suburban-house-with-a-garage-and-manicured-bushes-lTRA6eHdHd4,https://unsplash.com/license,https://images.unsplash.com/photo-1768941124460-6fa7161715ff?auto=format&fit=max&q=90&cs=srgb&fm=jpg&ixid=M3wxMjA3fDB8MXxhbGx8fHx8fHx8fHwxNzg4NzIyNDYwfA&ixlib=rb-4.1.0&w=2400,properties/a-suburban-house-with-a-garage-and-manicured-bushes-lTRA6eHdHd4.jpg,2400,3000,portrait,2173516,07d33848a620f387c03b76fba2e3ff3e8183b5dcca7c509970efc9edccfdad63,2026-09-06
White house facade with a bright blue sky,properties,Brandon Griggs,https://unsplash.com/photos/white-house-facade-with-a-bright-blue-sky-dfme33ka2WA,https://unsplash.com/license,https://images.unsplash.com/photo-1741720252940-4d7e09386bec?auto=format&fit=max&q=90&cs=srgb&fm=jpg&ixid=M3wxMjA3fDB8MXxhbGx8fHx8fHx8fHwxNzg4NzQ3MDIxfA&ixlib=rb-4.1.0&w=2400,properties/white-house-facade-with-a-bright-blue-sky-dfme33ka2WA.jpg,2400,3598,portrait,1224442,1e30a98066768a35897612e37127ab50f1098f3736db233bc8eaac6bea967248,2026-09-06
a white house surrounded by trees and bushes,properties,Alexander Mass,https://unsplash.com/photos/a-white-house-surrounded-by-trees-and-bushes-t3Z1a4A5DZ0,https://unsplash.com/license,https://images.unsplash.com/photo-1703695751038-747623dd90a7?auto=format&fit=max&q=90&cs=srgb&fm=jpg&ixid=M3wxMjA3fDB8MXxhbGx8fHx8fHx8fHwxNzg4NzQ3MDIyfA&ixlib=rb-4.1.0&w=2400,properties/a-white-house-surrounded-by-trees-and-bushes-t3Z1a4A5DZ0.jpg,2400,3600,portrait,2217032,a84b7b8bfee66415a06df74929dd8d2a6ed10d456723787a9037274153db00a1,2026-09-06
Row of houses on a street,residential-streets,T,https://unsplash.com/photos/row-of-houses-on-a-street-WbBHgiKFWCw,https://unsplash.com/license,https://images.unsplash.com/photo-1753808644215-873b262cec52?auto=format&fit=max&q=90&cs=srgb&fm=jpg&ixid=M3wxMjA3fDB8MXxhbGx8fHx8fHx8fHwxNzg4NzQ3MDIzfA&ixlib=rb-4.1.0&w=2400,residential-streets/row-of-houses-on-a-street-WbBHgiKFWCw.jpg,2400,3619,portrait,2622648,cbccc08e890aa2fb35094954a2d1a8e9d3d3757820fc1bba80f9d336c0c136ab,2026-09-06
a row of houses in a residential area,residential-streets,Max,https://unsplash.com/photos/a-row-of-houses-in-a-residential-area-83w1pQgZ5bs,https://unsplash.com/license,https://images.unsplash.com/photo-1650549442309-1696720ff7d7?auto=format&fit=max&q=90&cs=srgb&fm=jpg&ixid=M3wxMjA3fDB8MXxhbGx8fHx8fHx8fHwxNzg4NzQ3MDI0fA&ixlib=rb-4.1.0&w=2400,residential-streets/a-row-of-houses-in-a-residential-area-83w1pQgZ5bs.jpg,2400,3200,portrait,1257113,f81f1b1b00b92a8d1c684b3339e15fc176efcf9a883ac732d9ce5d7a855b85e5,2026-09-06
