id,priority,title,status,evidence_type,effort,acceptance
F01,High,Primary button text disappears on `/landlord-banking`,Open recommendation; not implemented,Verified defect,1–2 hours.,"Both labels and arrows remain readable in default, hover, and keyboard-focus states at 320, 390, and 1440 pixels. Check other consumers of the shared shell."
F02,High,Four article links send readers to a 404 signup page,Open recommendation; not implemented,Verified defect,1–2 hours. [Exact link evidence](../output/website-ux-audit-2026-10-03/signup-link-sources.json).,"No published article links to the broken destination; the compatibility redirect, if implemented, uses the configured application origin and preserves attribution. Verify navigation without creating an account."
F03,High,The blog introduction delays the content,Open recommendation; not implemented,Measured or observed; design recommendation,3–5 hours. Source: `src/app/blog/page.tsx` and its CSS module.,"At 390 × 844, aim for first artwork to begin within 560 pixels and its title to be visible by the end of the first screen; retain readable controls, no overlap, and no page overflow at 320 pixels."
F04,Medium,Blog and article wrapper copy imply a property-only audience,Open recommendation; not implemented,Measured or observed; design recommendation,"2–3 hours. Sources: `src/app/blog/page.tsx`, `src/app/blog/[slug]/page.tsx`, `src/components/blog/article-intro-cta.tsx`.","Listing heading, supporting copy, page metadata, and shared article CTAs align with the broad homepage positioning; no article body is rewritten as part of the UI change."
F05,Medium,The blog industry selector offers no useful narrowing,Open recommendation; not implemented,Measured or observed; design recommendation,1–2 hours. Source: industry options derived in `src/app/blog/page.tsx`.,Search and category selection still preserve active URL filters; the selector automatically returns when useful choices exist.
F06,Medium,The mobile navigation toggle has a small hit area,Open recommendation; not implemented,Measured or observed; design recommendation,1–2 hours. Source: `.menuToggle` in `src/components/site-shell.module.css` and responsive header styles.,"The entire 44-pixel target responds at 320 and 390 pixels, without logo/CTA collisions; Escape, focus return, and scroll lock continue working."
F07,Medium,"Solutions is a long menu, and icon removal is still local",Open recommendation; not implemented,Measured or observed; design recommendation,1–2 hours for validation/release preparation; 1–2 days for group interaction changes.,Desktop and mobile have text-only solution entries; long names fit; all 26 destinations remain reachable; keyboard and touch open/close behavior works.
F08,High,Mobile article tools precede the article for nearly a full screen,Open recommendation; not implemented,Measured or observed; design recommendation,0.5–1 day. Sources: `src/components/blog/article.module.css` and `src/app/blog/[slug]/page.tsx`.,"With contents collapsed, the body follows title/audio/taxonomy without an expanded sidebar or full promotional panel in between; contents links still reach headings below the fixed header."
F09,Medium,The cookie panel obscures the discovery controls,Open recommendation; not implemented,Measured or observed; design recommendation,2–4 hours plus any required copy review.,"Test first visit, dismissal, and preference reopening at 320, 390, and 1440 pixels; all controls remain visible and keyboard usable. This is a presentation recommendation, not a legal-compliance conclusion."
F10,Medium,Some CTA labels conceal that they open booking,Open recommendation; not implemented,Measured or observed; design recommendation,"2–4 hours. Sources: `baselane-company.tsx`, `industry-pages/industry-page.tsx`.",Audit shared primary CTA labels against destinations; booking links and product-detail links are distinguishable before clicking.
F11,High,Skills renders all 319 cards at once,Open recommendation; not implemented,Measured or observed; design recommendation,0.5–1 day. Source: `src/components/skills-library.tsx`.,Initial result grid contains at most 24 cards; repeated expansion exposes every matching skill without duplicates; filters and empty results work; result changes are announced.
F12,Medium,Blog topics mix overlapping subjects and formats,Open recommendation; not implemented,Measured or observed; design recommendation,1–2 days for presentation; taxonomy migration is separate.,Every existing category remains discoverable and keyboard reachable; combined search/category filters continue working; the active selection is visible even when it lives under More.
F13,Medium,General pages and footer still default to property management,Open recommendation; not implemented,Measured or observed; design recommendation,"1–2 days. Sources: `site-footer.tsx`, `site-footer-boundary.tsx`, `baselane-company.tsx`.",A visitor following Home → Blog → About → Solutions sees consistent umbrella positioning; property vertical pages retain their context; footer links resolve.
F14,Medium,Two help centers offer different paths and content,Open recommendation; not implemented,Measured or observed; design recommendation,1–2 days for routing/navigation and labeling; substantive help content is a separate project.,Header/footer help links converge; old URLs remain usable; search results make their destination type clear; contact options remain available.
F15,Medium,Product updates reads like evergreen marketing,Open recommendation; not implemented,Measured or observed; design recommendation,1–2 hours for honest relabeling; 1–3 days for a CMS-backed update listing. Source: `src/components/baselane-updates.tsx`.,Every item labeled as an update has a real date and change summary; otherwise the navigation/page title accurately says highlights.
F16,Low,Solutions repeats its introduction before the directory,Open recommendation; not implemented,Measured or observed; design recommendation,2–4 hours.,"At 390 pixels, the first industry choice is visible within the initial viewport, with both industry and team/use-case sections still clearly labeled."
